Plot,Subplot,Num,UTM.E,UTM.N,Species,Survival,Basal,Epicormic,Apical,PercLivingCanopy,DBH_cm,BasalResproutHeight,BasalResproutCount,Notes
2152,C2,11001,527371,4269668,QUEAGRI,1,0,1,0,1,24,,,
2152,C2,11001.1,527371,4269668,QUEAGRI,0,0,0,0,0,16,,,
2152,C2,11001.2,527371,4269668,QUEAGRI,0,0,0,0,0,11.2,,,
2152,C2,99137,527371,4269668,PSEMEN,0,0,0,0,0,38.3,,,
2152,C2,11002,527365,4269675,ARBMEN,0,1,0,0,0,22.4,320,8,5.07 DBH/ BD 12.5
2152,C2,11002.1,527365,4269675,ARBMEN,0,1,0,0,0,10.1,,,
2152,C2,11003,527360,4269673,QUEAGRI,1,0,1,0,2,26.5,,,
2152,C2,11004,527361,4269672,QUEAGRI,1,1,1,0,1,23.4,172.8,1,"HAS .1 WITH 7.5 AND .2 W 4.9, BOTH DEAD WITH BASAL"
2152,C2,99138,527361,4269672,PSEMEN,0,0,0,0,0,22.8,,,
2152,C2,11005,527354,4269677,ARBMEN,0,1,0,0,0,24.9,600,13,
2152,C2,11005.1,527354,4269677,ARBMEN,0,1,0,0,0,19,,,
2152,C2,11005.2,527354,4269677,ARBMEN,0,1,0,0,0,15.2,,,
2152,C2,11005.3,527354,4269677,ARBMEN,0,1,0,0,0,12.8,,,
2152,C2,99139,527354,4269677,PSEMEN,0,0,0,0,0,30.7,,,
2152,C2,11006,527356,4269694,QUEAGRI,1,1,1,0,2,26.6,,,
2152,C2,11006.1,527356,4269694,QUEAGRI,0,1,0,0,0,12,,,
2152,C2,99140,527356,4269694,PSEMEN,0,0,0,0,0,34.5,,,
2152,B3,11007,527364,4269700,ARBMEN,0,1,0,0,0,23.8,,,
2152,B3,11007.1,527364,4269700,ARBMEN,0,1,0,0,0,14,,,
2152,B3,11007.2,527364,4269700,ARBMEN,0,1,0,0,0,16.5,,,
2152,B3,11007.3,527364,4269700,ARBMEN,0,1,0,0,0,11.6,,,
2152,B3,11007.4,527364,4269700,ARBMEN,0,1,0,0,0,13.2,,,
2152,B3,99141,527364,4269700,PSEMEN,0,0,0,0,0,27.5,,,
2152,B3,99142,527364,4269700,PSEMEN,0,0,0,0,0,22.9,,,
2152,B3,99143,527364,4269700,PSEMEN,0,0,0,0,0,29.6,,,
2152,B3,99144,527364,4269700,PSEMEN,0,0,0,0,0,21.7,,,
2152,B3,99145,527364,4269700,PSEMEN,0,0,0,0,0,20.5,,,
2152,B3,99146,527364,4269700,PSEMEN,0,0,0,0,0,38.5,,,
2152,B3,99147,,,PSEMEN,0,0,0,0,0,21.8,,,
2152,B3,11008,527376,4269713,ARBMEN,0,1,0,0,0,43.3,350,10,
2152,B3,11008.1,527376,4269713,ARBMEN,0,1,0,0,0,33.8,,,
2152,B3,11008.2,527376,4269713,ARBMEN,0,1,0,0,0,29.8,,,
2152,B3,11008.3,527376,4269713,ARBMEN,0,1,0,0,0,21.4,,,
2152,E1,11009,527432,4269646,QUEAGRI,1,1,1,1,3,47.8,106,12,
2152,E1,99148,,,PSEMEN,0,0,0,0,0,20.1,,,
2152,E1,11010,527407,4269694,QUEAGRI,1,1,1,0,1,33.3,141.4,1,
2152,E1,11010.1,527407,4269694,QUEAGRI,1,0,1,0,1,11.1,,,
2152,E1,99149,527406,4269647,QUEAGRI,0,0,0,0,0,22.9,,,
2152,D1,11011,527400,4269649,QUEAGRI,1,1,1,0,1,35,127.2,1,
2152,D1,11012,527393,4269647,QUEAGRI,1,1,1,0,2,29.5,87.1,1,
2152,D1,11012.1,527393,4269647,QUEAGRI,1,0,1,0,2,29.3,,,
2152,C1,11013,527384,4269651,QUEAGRI,1,0,1,0,2,25.8,,,
2152,C1,11013.1,527384,4269651,QUEAGRI,1,0,1,0,2,25.2,,,
2152,C1,11013.2,527384,4269651,QUEAGRI,1,0,1,0,2,21,,,
2152,C1,99150,527384,4269651,PSEMEN,0,0,0,0,0,62,,,
2152,C1,11014,527372,4269647,QUEAGRI,1,0,1,0,2,26.7,,,
2152,C1,11014.1,527372,4269647,QUEAGRI,1,0,1,0,1,32,,,
2152,C1,99151,527367,4269649,PSEMEN,0,0,0,0,0,29.3,,,
2152,C1,11015,527367,4269648,QUEAGRI,1,1,1,0,1,31.5,159.2,3,
2152,B1,11016,527360,4269647,QUEAGRI,0,1,0,0,0,28.2,265,5,
2152,B1,11016.1,527360,4269647,QUEAGRI,0,1,0,0,0,26,,,
2152,B1,99152,527352,4269649,PSEMEN,0,0,0,0,0,60.2,,,
2152,B1,11017,527349,4269653,QUEKEL,0,1,0,0,0,30.2,300,6,
2152,B1,11017.1,527349,4269653,QUEKEL,0,1,0,0,0,35,,,
2152,A1,11018,527343,4269658,QUEAGRI,1,0,1,0,1,31,,,
2152,A1,11018.1,527343,4269658,QUEAGRI,0,1,0,0,0,25.6,67.4,1,
2152,A1,99153,527340,4269656,PSEMEN,0,0,0,0,0,79,,,
2152,A1,11019,527331,4269653,QUEKEL,0,1,0,0,0,35.2,220,1,
2152,A1,99154,527324,4269646,PSEMEN,0,0,0,0,0,76,,,ATTACHED AT BASE WITH 99155
2152,A1,99155,527324,4269646,PSEMEN,0,0,0,0,0,32.2,,,ATTACHED AT BASE WITH 99154
2152,A1,99156,527322,4269655,PSEMEN,0,0,0,0,0,77.2,,,
2152,A1,99157,527323,4269661,PSEMEN,0,0,0,0,0,77.3,,,
2152,A1,99158,527323,4269661,PSEMEN,0,0,0,0,0,30.7,,,
2152,A2,11020,527324,4269673,ARBMEN,0,1,0,0,0,34.9,400,18,
2152,A2,11020.1,527324,4269673,ARBMEN,0,1,0,0,0,19,,,
2152,A2,11020.2,527324,4269673,ARBMEN,0,1,0,0,0,28,,,
2152,A2,11021,527324,4269682,QUEKEL,0,1,0,0,0,32.4,171.4,9,
2152,A3,11022,527326,4269690,ARBMEN,0,1,0,0,0,35.4,500,30,
2152,A3,11022.1,527326,4269690,ARBMEN,0,1,0,0,0,14,,,
2152,A3,11022.2,527326,4269690,ARBMEN,0,1,0,0,0,7.6,,,
2152,A3,99159,527326,4269702,PSEMEN,0,0,0,0,0,64.6,,,
2152,A3,99160,527325,4269702,PSEMEN,0,0,0,0,0,64.2,,,
2152,A4,99161,527324,4269715,PSEMEN,0,0,0,0,0,66.7,,,
2152,A4,11023,527324,4269716,QUEKEL,0,1,0,0,0,24.2,220,4,
2152,A4,11024,527324,4269716,ARBMEN,0,1,0,0,0,20.9,300,8,
2152,A4,11024.1,527324,4269716,ARBMEN,0,1,0,0,0,13.8,,,.2 BROKEN BELOW DBH
2152,A5,11025,527321,4269744,QUEGAR,0,1,0,0,0,24,179.5,8,ACROSS ROAD/OUT?
2152,A5,11026,527321,4269746,QUEGAR,1,0,0,1,4,41.8,,,ACROSS ROAD/OUT?
2152,A5,11027,527325,4269746,QUEDOU,1,0,0,1,4,18.7,,,CORNER OF PLOT
2152,A5,11027.1,527325,4269746,QUEDOU,1,0,0,1,4,18.5,,,
2152,A5,11027.2,527325,4269746,QUEDOU,1,0,0,1,4,7.4,,,
2152,A5,11028,527342,4269743,QUEAGRI,1,0,1,1,3,20.4,,,
2152,A5,11028.1,527342,4269743,QUEAGRI,1,0,1,1,3,19.6,,,
2152,A5,11029,527344,4269744,QUEAGRI,1,1,1,1,4,26.6,73.4,4,
2152,B5,11030,527352,4269745,QUEAGRI,1,0,1,1,3,31.3,,,
2152,B5,99162,527349,4269742,PSEMEN,0,0,0,0,0,61.8,,,
2152,B5,11031,527349,4269744,QUEAGRI,1,1,1,0,3,35.2,187.9,6,
2152,B5,11032,527357,4269744,ARBMEN,1,1,1,0,1,25.8,300,3,
2152,B5,11032.1,527357,4269744,ARBMEN,1,1,1,0,1,13.4,,,
2152,B5,11033,527357,4269745,ARBMEN,0,1,0,0,0,20.3,350,11,
2152,B5,11033.1,527357,4269745,ARBMEN,0,1,0,0,0,8.7,,,
2152,B5,11033.2,527357,4269745,ARBMEN,0,1,0,0,0,6.5,,,
2152,B5,11034,527363,4269742,ARBMEN,0,1,0,0,0,27.6,400,22,
2152,B5,11034.1,527363,4269742,ARBMEN,0,1,0,0,0,23.7,,,
2152,B5,11034.2,527363,4269742,ARBMEN,0,1,0,0,0,20.1,,,
2152,B5,11034.3,527363,4269742,ARBMEN,0,1,0,0,0,20.1,,,
2152,B5,11034.4,527363,4269742,ARBMEN,0,1,0,0,0,24.4,,,
2152,B5,11034.5,527363,4269742,ARBMEN,0,1,0,0,0,11.4,,,
2152,B5,11034.6,527363,4269742,ARBMEN,0,1,0,0,0,10.8,,,
2152,B5,11034.7,527363,4269742,ARBMEN,0,1,0,0,0,13.7,,,SNAG
2152,C5,99163,527377,4269741,PSEMEN,0,0,0,0,0,21,,,
2152,C5,99164,527376,4269743,PSEMEN,0,0,0,0,0,35.9,,,
2152,C5,11035,527371,4269746,QUEKEL,0,1,0,0,0,38.6,300,4,
2152,C5,11035.1,527371,4269746,QUEKEL,0,1,0,0,0,23.4,,,
2152,D5,99165,527389,4269745,PSEMEN,0,0,0,0,0,44.4,,,CROSSED ROAD
2152,D5,11037,527389,4269745,QUEKEL,0,1,0,0,0,24.2,210,8,
2152,D5,11037.1,527389,4269745,QUEKEL,0,1,0,0,0,13,,,
2152,D5,99166,527398,4269745,PSEMEN,0,0,0,0,0,21.8,,,
2152,E5,11038,527404,4269745,NOTDEN,0,1,0,0,0,24.3,300,32,
2152,E5,11038.1,527404,4269745,NOTDEN,0,1,0,0,0,22.7,,,
2152,E5,11039,527406,4269744,NOTDEN,0,1,0,0,0,26.2,300,18,
2152,E5,11039.1,527406,4269744,NOTDEN,0,1,0,0,0,18.2,,,
2152,E5,11040,527411,4269747,NOTDEN,0,1,0,0,0,25.5,300,12,
2152,E5,11040.1,527411,4269747,NOTDEN,0,1,0,0,0,13.5,,,
2152,E5,11040.2,527411,4269747,NOTDEN,0,1,0,0,0,16.5,,,
2152,E5,11041,527423,4269743,UMBCAL,0,1,0,0,0,27.9,350,12,
2152,E5,11042,527422,4269720,ARBMEN,0,1,0,0,0,24.4,300,13,
2152,E5,11042.1,527422,4269720,ARBMEN,0,1,0,0,0,15.9,,,
2152,E3,99167,527425,4269703,PSEMEN,0,0,0,0,0,30.1,,,
2152,E3,99168,527424,4269704,PSEMEN,0,0,0,0,0,81.5,,,
2152,E3,11043,527422,4269694,QUEKEL,0,1,0,0,0,25.8,167.5,3,
2152,E3,99169,527423,4269691,PSEMEN,0,0,0,0,0,20,,,
2152,?,11044,527426,4269684,QUEAGRI,0,0,1,0,2,28.3,,,
2152,?,11045,527420,4269676,ARBMEN,0,1,0,0,0,29.1,400,10,
2152,?,11045.1,527420,4269676,ARBMEN,0,1,0,0,0,21.2,,,
2152,?,11045.2,527420,4269676,ARBMEN,0,1,0,0,0,17.7,,,
2152,?,11045.3,527420,4269676,ARBMEN,0,1,0,0,0,10,,,
2152,?,11046,527422,4269678,ARBMEN,0,1,0,0,0,25.3,370,12,
2152,?,11046.1,527422,4267678,ARBMEN,0,1,0,0,0,16.3,,,
2152,?,11047,527421,4269675,QUEKEL,1,1,1,0,3,32.8,240,3,
2152,?,11048,527422,4269674,QUEAGRI,1,1,1,0,3,23.8,97.9,5,
2152,?,11048.1,527422,4269674,QUEAGRI,0,1,0,0,0,15.8,,,
2152,E4,11049,527423,4269662,QUEKEL,0,1,0,0,0,24.3,161,4,
2152,A4,11050,527329,4269718,ARBMEN,0,1,0,0,0,20,400,27,
2152,A?,11051,527329,4269710,QUEAGRI,0,1,0,0,0,22.6,230,3,
2152,A?,11051.1,527329,4269710,QUEAGRI,0,1,0,0,0,18.5,,,
2152,A?,11051.2,527329,4269710,QUEAGRI,0,1,0,0,0,18.1,,,
2152,A?,99170,527329,4269707,PSEMEN,0,0,0,0,0,73.4,,,
2152,A?,11052,527329,4269707,QUEKEL,0,1,0,0,0,22.5,95.5,4,
2152,A?,11053,527331,4269700,QUEGAR,0,1,0,0,0,26.5,228,3,
2152,A?,11054,527331,4269701,QUEKEL,0,1,0,0,0,27.5,233.8,4,
2152,A?,11054.1,527331,4269702,QUEKEL,0,1,0,0,0,21.8,,,
2152,A?,99171,527335,4269694,PSEMEN,0,0,0,0,0,69.3,,,
2152,A?,11055,527341,4269694,ARBMEN,0,1,0,0,0,27.5,650,49,
2152,A?,11055.1,527341,4269694,ARBMEN,0,1,0,0,0,14.5,,,
2152,A?,11055.2,527341,4269694,ARBMEN,0,1,0,0,0,14.2,,,
2152,A?,11055.3,527341,4269694,ARBMEN,0,1,0,0,0,14.2,,,
2152,A?,11055.4,527341,4269694,ARBMEN,0,1,0,0,0,29.4,,,
2152,A?,11055.5,527341,4269694,ARBMEN,0,1,0,0,0,8.3,,,
2152,A?,11055.6,527341,4269694,ARBMEN,0,1,0,0,0,11.1,,,
2152,A?,11055.7,527341,4269694,ARBMEN,0,1,0,0,0,28.7,,,
2152,A?,11055.8,527341,4269694,ARBMEN,0,1,0,0,0,24.4,,,
2152,A?,99172,527329,4269682,PSEMEN,0,0,0,0,0,61.2,,,
2152,A?,99173,527329,4269682,PSEMEN,0,0,0,0,0,68.1,,,
2152,A?,11056,527328,4269682,QUEKEL,0,1,0,0,0,28,208,16,
2152,A?,11056.1,527328,4269682,QUEKEL,0,1,0,0,0,20.4,,,
2152,A?,11056.2,527328,4269682,QUEKEL,0,1,0,0,0,25.7,,,
2152,A?,99174,527324,4269659,PSEMEN,0,0,0,0,0,29,,,
2152,A?,11057,527324,4269659,QUEKEL,0,1,0,0,0,27,194.5,1,
2152,A?,99175,527319,4269654,PSEMEN,0,0,0,0,0,77,,,
2152,A?,11058,527331,4269658,ARBMEN,0,1,0,0,0,34.8,280,21,
2152,A?,11058.1,527331,4269658,ARBMEN,0,0,0,0,0,14,,,
2152,A?,11058.2,527331,4269658,ARBMEN,0,0,0,0,0,19.2,,,
2152,A?,11058.3,527331,4269658,ARBMEN,0,0,0,0,0,13,,,
2152,A?,99176,527332,4269670,QUEKEL,0,0,0,0,0,36.1,,,
2152,A?,11059,527332,4269670,ARBMEN,0,1,0,0,0,27.7,290,14,
2152,A?,11060,527340,4269670,QUEAGRI,1,1,1,0,3,41.9,188,8,
2152,A?,11061,527343,4269672,QUEAGRI,1,1,1,0,2,25,92.5,3,
2152,A?,11062,527344,4269671,QUEAGRI,0,1,0,0,0,26.4,173,6,
2152,A?,11063,527349,4269652,QUEKEL,0,1,0,0,0,34.2,280,3,
2152,A?,11063.1,527349,4269652,QUEKEL,0,1,0,0,0,30.3,,,
2152,A?,11064,527349,4269653,QUEKEL,0,1,0,0,0,24.7,300,15,
2152,E1,11066,527406,4269657,QUEAGRI,1,1,1,0,2,31.8,222.8,4,.2 SNAG NO DBH 
2152,E1,11066.1,527406,4269657,QUEAGRI,1,1,1,0,2,28,,,
2152,E1,11067,527410,4269658,ARBMEN,0,1,0,0,0,23.2,350,14,
2152,E1,11067.1,527410,4269658,ARBMEN,0,1,0,0,0,18.1,,,
2152,E1,99177,527409,4269657,PSEMEN,0,0,0,0,0,31.8,,,
2152,D1,11068,527398,4269657,QUEAGRI,1,1,1,0,3,54,,0,ONLY ONE SPROUT. UNDER 50CM 
2152,D1,11069,527398,4269654,QUEAGRI,1,1,1,0,1,25.2,281.1,2,
2152,D1,11069.1,527398,4269654,QUEAGRI,0,1,0,0,0,22.7,,,SNAG
2152,D1,11070,527388,4269647,ARBMEN,0,1,0,0,0,24.4,300,10,.2 SNAG NO DBH 
2152,D1,11070.1,527388,4269647,ARBMEN,0,1,0,0,0,12.5,,,
2152,D1,99178,527385,4269662,PSEMEN,0,0,0,0,0,49,,,99178-99180-CLUSTER OF THREE
2152,D1,99179,527385,4269662,PSEMEN,0,0,0,0,0,72.4,,,99178-99180-CLUSTER OF THREE
2152,D1,99180,527385,4269662,PSEMEN,0,0,0,0,0,77.1,,,99178-99180-CLUSTER OF THREE
2152,C1,11071,527384,4269659,QUEAGRI,1,1,1,0,1,27.5,160.4,1,
2152,C1,11071.1,527384,4269659,QUEAGRI,1,1,1,0,1,13.5,,,
2152,C1,11071.2,527384,4269659,QUEAGRI,1,1,1,0,1,7.9,,,
2152,C1,11072,527380,4269655,QUEKEL,0,1,0,0,0,20.8,154.3,3,
2152,C1,99181,527378,4269662,QUEAGRI,0,0,0,0,0,34.5,,,HAD EPICORMIC
2152,C1,99182,527377,4269661,PSEMEN,0,0,0,0,0,54.2,,,
2152,C1,11073,527377,4269660,QUEAGRI,0,1,0,0,0,23.5,320,2,
2152,C1,99183,527375,4269672,PSEMEN,0,0,0,0,0,67.5,,,
2152,C1,99184,527373,4269673,PSEMEN,0,0,0,0,0,58.7,,,
2152,C1,11074,527371,4269656,QUEAGRI,1,1,0,0,1,35,192.6,3,
2152,C1,11074.1,527371,4269656,QUEAGRI,0,1,0,0,0,18.1,,,
2152,C1,99185,527369,4269658,PSEMEN,0,0,0,0,0,60.9,,,
2152,C1,11075,527369,4269658,QUEAGRI,1,1,1,0,1,21.1,148.2,3,
2152,C1,11076,527367,4269657,QUEAGRI,1,1,1,0,1,26,172.5,3,
2152,C1,11076.1,527367,4269657,QUEAGRI,1,1,1,0,1,25.4,,,
2152,B1,11077,527359,4269656,QUEAGRI,1,1,1,0,2,33.1,95,3,
2152,B1,11077.1,527359,4269656,QUEAGRI,0,1,0,0,0,18,,,
2152,B1,11078,527357,4269658,QUEKEL,0,1,0,0,0,21.9,300,4,
2152,B1,11078.1,527357,4269658,QUEKEL,0,1,0,0,0,22,,,
2152,B1,99186,527360,4269662,PSEMEN,0,0,0,0,0,33.5,,,
2152,B1,99187,527360,4269662,PSEMEN,0,0,0,0,0,68.8,,,
2152,B1,99188,527362,4269667,QUEKEL,0,0,0,0,0,22.2,,,99188-99190 are ALL ONE CLUSTER
2152,B1,99189,527362,4269667,QUEKEL,0,0,0,0,0,18.2,,,99188-99190 are ALL ONE CLUSTER
2152,B1,99190,527362,4269667,QUEKEL,0,0,0,0,0,17.5,,,99188-99190 are ALL ONE CLUSTER
2152,B2,11079,527349,4269675,ARBMEN,0,1,0,0,0,20.8,500,9,9 CLUSTERS OF MANY
2152,B2,11079.1,527349,4269675,ARBMEN,0,1,0,0,0,10.5,,,
2152,B2,11079.2,527349,4269675,ARBMEN,0,1,0,0,0,19,,,
2152,B2,11079.3,527349,4269675,ARBMEN,0,1,0,0,0,17.6,,,
2152,B2,11079.4,527349,4269675,ARBMEN,0,1,0,0,0,17,,,
2152,B2,11079.5,527349,4269675,ARBMEN,0,1,0,0,0,22,,,
2152,B3,11081,527327,4269675,QUEGAR,0,1,0,0,0,33.5,75,2,
2152,B3,11082,527379,4269672,QUEAGRI,1,0,1,0,1,25.4,,,
2152,B3,11082.1,527379,4269672,QUEAGRI,1,0,1,0,2,24,,,
2152,B3,11082.2,527379,4269672,QUEAGRI,0,0,0,0,0,10,,,
2152,B3,11083,527365,4268680,QUEGAR,0,1,0,0,0,23.2,,3,NO HEIGHT RECORDED
2152,B3,11083.1,527365,4268680,QUEGAR,0,0,0,0,0,12,,,
2152,B3,99191,527365,4268680,PSEMEN,0,0,0,0,0,20.6,,,
2152,B3,99192,527359,4269688,PSEMEN,0,0,0,0,0,30.5,,,
2152,B3,99193,527341,4269678,PSEMEN,0,0,0,0,0,22,,,
2152,B4,99194,527341,4269678,PSEMEN,0,0,0,0,0,21.4,,,
2152,B4,99195,527341,4269678,PSEMEN,0,0,0,0,0,33.6,,,
2152,B4,11085,527337,4269679,QUEKEL,0,1,1,1,1,27.9,159.1,3,
2152,B3,99196,527346,4269685,PSEMEN,0,0,0,0,0,22,,,ON GROUND
2152,B3,99197,527349,4269695,PSEMEN,0,0,0,0,0,23.5,,,
2152,B3,11086,527353,4269696,QUEAGRI,1,1,1,0,2,21.2,209,2,
2152,B3,11086.1,527353,4269696,QUEAGRI,0,0,0,0,0,12,,,
2152,B3,11087,527349,4269691,QUEAGRI,0,1,0,0,0,25.4,228,3,.1 SNAG
2152,B3,99198,527350,4269698,PSEMEN,0,0,0,0,0,27,,,
2152,B3,11088,527348,4269694,QUEAGRI,1,1,1,0,1,21.5,197,2,
2152,B3,99199,527348,4269709,PSEMEN,0,0,0,0,0,38.6,,,
2152,B3,99200,527356,4260718,PSEMEN,0,0,0,0,0,33.1,,,
2152,B3,11089,527354,4269713,ARBMEN,0,1,0,0,0,21.4,500,8,
2152,B3,11089.1,527354,4269713,ARBMEN,0,1,0,0,0,23,,,
2152,B3,11089.2,527354,4269713,ARBMEN,0,1,0,0,0,18,,,
2152,B3,99201,527357,4269714,PSEMEN,0,0,0,0,0,25,,,
2152,B4/5?,99202,527358,4269715,PSEMEN,0,0,0,0,0,29.8,,,
2152,B4/5?,11090,527357,4269723,QUEAGRI,1,1,1,0,1,37.9,145.8,4,
2152,B4/5?,99265,527363,4269714,PSEMEN,0,0,0,0,0,34.8,,,
2152,B4/5?,99203,527363,4269714,PSEMEN,0,0,0,0,0,41.6,,,
2152,B4/5?,11091,527362,4269714,QUEAGRI,1,1,1,0,1,43.2,75.5,,
2152,B4/5?,99204,527367,4269727,PSEMEN,0,0,0,0,0,30.2,1,,
2152,B4/5?,99205,527367,4269726,PSEMEN,0,0,0,0,0,43.6,,,
2152,B4/5?,11092,527366,4269726,QUEAGRI,0,1,0,0,0,21,190,3,
2152,B4/5?,11092.1,527366,4269726,QUEAGRI,0,1,0,0,0,25.6,,,
2152,B4/5?,11092.2,527366,4269726,QUEAGRI,0,0,0,0,0,13.8,,,
2152,B4/5?,99206,527364,4269725,PSEMEN,0,0,0,0,0,25.5,,,
2152,B4/5?,99207,527350,4269719,PSEMEN,0,0,0,0,0,23.5,,,
2152,B4/5?,11093,527350,4269721,QUEAGRI,1,1,1,0,0,25.8,230,4,
2152,B4/5?,99208,527344,4269718,PSEMEN,0,0,0,0,0,29.9,,,
2152,?,11094,527344,4269717,QUEKEL,0,1,0,0,0,26.5,400,5,
2152,?,99209,527344,4269718,PSEMEN,0,0,0,0,0,20.4,,,
2152,?,11094.1,527344,4269717,QUEKEL,0,0,0,0,0,22.3,,,ON GROUND
2152,?,11095,527333,4269722,QUEKEL,0,1,0,0,0,42.7,450,2,
2152,?,99210,527333,4269720,PSEMEN,0,,0,0,0,21.4,,,
2152,?,11096,527341,4269729,QUEAGRI,1,1,1,0,1,32,62.5,3,
2152,?,99211,527330,4269724,PSEMEN,0,0,0,0,0,23.3,,,
2152,?,99212,527338,4269727,PSEMEN,0,0,0,0,0,21.2,,,
2152,?,11097,527341,4269731,QUEAGRI,1,1,1,0,1,26.5,235,5,
2152,B5,11098,527339,4269734,QUEAGRI,1,0,1,0,3,28,,,
2152,?,11098.1,527339,4269734,QUEAGRI,1,0,1,0,2,25.1,,,
2152,?,11098.2,527339,4269734,QUEAGRI,1,0,1,0,2,36.5,,,
2152,?,99213,527339,4269733,PSEMEN,0,0,0,0,0,28.4,,,
2152,?,11099,527329,4269729,QUEKEL,0,1,0,0,0,32.7,,,
2152,?,11099.1,527329,4269729,QUEKEL,0,1,0,0,0,21.5,300,3,
2152,?,11099.2,527329,4269729,QUEKEL,0,1,0,0,0,24,,,.3 SNAG
2152,?,99214,527329,4269729,PSEMEN,0,0,0,0,0,48.2,,,
2152,?,11100,527351,4269730,ARBMEN,0,1,0,0,0,31.5,320,5,
2152,?,11101,527351,4269735,QUEAGRI,1,1,1,0,0,31,161,1,
2152,?,11101.1,527351,4269735,QUEAGRI,1,0,1,0,0,18.7,,,
2152,?,11102,527361,4269732,QUEAGRI,1,0,1,1,3,31.2,,,
2152,?,11102.1,527361,4269732,QUEAGRI,0,1,0,0,0,27,112,1,SNAG
2152,?,11103,527355,4269736,QUEAGRI,1,1,1,1,3,26.2,246,1,
2152,?,99215,527362,4269735,PSEMEN,0,0,0,0,0,33.6,,,
2152,?,99216,527366,4269730,PSEMEN,0,0,0,0,0,30,,,
2152,?,99217,527367,4269729,PSEMEN,0,0,0,0,0,23.1,,,
2152,?,99218,527367,4269729,PSEMEN,0,0,0,0,0,22.2,,,
2152,?,99219,527367,4269729,PSEMEN,0,0,0,0,0,30.8,,,
2152,,99220,527378,4269610,PSEMEN,0,0,0,0,0,37.6,,,
2152,,99221,527381,4269708,PSEMEN,0,0,0,0,0,31.6,,,
2152,,99222,527382,4269718,PSEMEN,0,0,0,0,0,33.5,,,
2152,,99223,527385,4269712,PSEMEN,0,0,0,0,0,32.6,,,
2152,,11104,527385,4269717,UMBCAL,0,1,0,0,0,20,600,6,6 CLUSTERS OF MANY 
2152,,11104.1,527385,4269717,UMBCAL,0,1,0,0,0,12,,,
2152,,11104.2,527385,4269717,UMBCAL,0,1,0,0,0,11.5,,,
2152,,11105,527383,4269721,ARBMEN,0,1,0,0,0,36.3,550,5,
2152,,11105.1,527383,4269721,ARBMEN,0,1,0,0,0,25.2,,,
2152,,99224,527382,4269703,PSEMEN,0,0,0,0,0,38.8,,,
2152,D3,99225,527384,4269701,PSEMEN,0,0,0,0,0,40.8,,,
2152,D3,99226,527379,4269695,PSEMEN,0,0,0,0,0,31.2,,,IN C3?
2152,D3,99227,527386,4269702,PSEMEN,0,0,0,0,0,27.8,,,
2152,D3,99228,527385,4269695,QUEKEL,0,0,0,0,0,33.9,,,IN C3?
2152,C2,99229,527393,4269683,PSEMEN,0,0,0,0,0,70.2,,,
2152,C2,11107,527394,4269684,UMBCAL,0,1,0,0,0,38.1,500,11,
2152,,99230,527398,4269687,PSEMEN,0,0,0,0,0,22.2,,,
2152,,99231,527395,4269685,PSEMEN,0,0,0,0,0,37,,,
2152,,99232,527393,4269681,PSEMEN,0,0,0,0,0,42.3,,,
2152,,99233,527398,4269670,PSEMEN,0,0,0,0,0,62.9,,,
2152,,11108,527398,4269670,QUEAGRI,1,1,1,0,1,25.1,140.5,1,
2152,,11108.1,527398,4269670,QUEAGRI,1,0,1,0,1,16.2,,,
2152,,11108.2,527398,4269670,QUEAGRI,0,0,0,0,0,18.4,,,
2152,,99234,527396,4269672,QUEAGRI,0,0,0,0,0,22.7,,,
2152,,99235,527375,4269671,PSEMEN,0,0,0,0,0,44.8,,,
2152,,11109,527385,4269663,QUEAGRI,1,1,1,0,3,22.5,138.4,3,C3 AT PLOT CORNER ABOVE HOBO
2152,,11109.1,527385,4269663,QUEAGRI,1,1,1,0,3,19.7,,,
2152,,11109.2,527385,4269663,QUEAGRI,1,1,1,0,2,18.6,,,
2152,D3,11110,527338,4269661,ARBMEN,0,1,0,0,0,25.7,420,14,
2152,,11110.1,527338,4269661,ARBMEN,0,1,0,0,0,17.2,,,
2152,,11110.2,527338,4269661,ARBMEN,0,1,0,0,0,12.6,,,
2152,,11110.3,527338,4269661,ARBMEN,0,1,0,0,0,19.5,,,
2152,,11110.4,527338,4269661,ARBMEN,0,1,0,0,0,11.1,,,
2152,,11111,527390,4269661,QUEAGRI,1,1,1,0,3,21.6,59.2,3,
2152,,11112,527394,4269660,QUEAGRI,1,1,1,0,2,21.1,93.6,3,
2152,,11112.1,527394,4269660,QUEAGRI,1,1,1,0,2,21,,,
2152,,11114,527397,4269661,QUEAGRI,1,0,1,1,3,28.8,,,
2152,,11114.1,527397,4269661,QUEAGRI,0,0,0,0,0,19.7,,,
2152,,11114.2,527397,4269661,QUEAGRI,0,0,0,0,0,17.8,,,
2152,,11115,527406,4269665,QUEAGRI,1,0,1,0,3,24,,,
2152,,11115.1,527406,4269665,QUEAGRI,1,1,1,0,3,20.2,92.3,1,
2152,,11116,527406,4269665,QUEAGRI,1,0,1,0,3,28,,,
2152,,11116.1,527406,4269665,QUEAGRI,0,1,0,0,0,15.2,77.5,1,
2152,,11117,527409,4269659,QUEKEL,0,1,0,0,0,26.3,210,5,
2152,,11118,527411,4269656,QUEAGRI,1,1,1,0,3,26.5,190.8,4,
2152,,11118.1,527411,4269656,QUEAGRI,1,1,1,0,3,30,,,
2152,,11119,527398,4269734,UMBCAL,0,1,0,0,0,22.4,600,10,
2152,,11120,527393,4269763,ARBMEN,0,1,0,0,0,24.1,300,6,
2152,,11120.1,527393,4269763,ARBMEN,0,1,0,0,0,17,,,
2152,,11121,527394,4269735,UMBCAL,0,1,0,0,0,22,500,17,
2152,,11121.1,527394,4269735,UMBCAL,0,1,0,0,0,14.7,,,
2152,,11121.2,527394,4269735,UMBCAL,0,1,0,0,0,8.9,,,
2152,,11121.3,527394,4269735,UMBCAL,0,1,0,0,0,6.8,,,
2152,,11122,527401,4269734,SEQSEM,1,1,1,0,1,84.3,450,24,pwd tag 684
2152,,11122.1,527401,4269734,SEQSEM,0,1,0,0,0,15.5,,,pwd tag 685
2152,,11123,527402,4269734,SEQSEM,1,1,1,0,3,53.1,450,17,pwd tag 683
2152,E5,11124,527405,4269740,SEQSEM,1,1,1,0,2,129.7,435,35,pwd tag 682
2152,E5,11124.1,527405,4269740,SEQSEM,0,1,0,0,0,13.5,,,pwd tag 682.1
2152,E5,11125,527401,4269739,SEQSEM,1,1,1,0,3,62.4,425,7,pwd tag 681
2152,E5,11126,527407,4269741,SEQSEM,1,1,1,0,3,86,340,15,pwd tag 680
2152,E5,11127,527411,4269740,SEQSEM,1,1,1,0,3,126.4,350,47,pwd tag 690
2152,E5,11128,527412,4269739,SEQSEM,1,1,1,0,3,70.2,300,33,pwd tag 692
2152,E5,11129,527413,4269738,SEQSEM,1,1,1,0,3,71.1,275,22,pwd tag 693.1
2152,E5,11130,527416,4269735,SEQSEM,1,1,1,0,2,126.3,400,17,pwd tag 693.1
2152,E5,11130.1,527416,4269735,SEQSEM,0,1,0,0,0,15,,,
2152,E5,11130.2,527416,4269735,SEQSEM,0,1,0,0,0,36.4,,,
2152,E5,11131,527416,4269733,SEQSEM,1,1,1,0,3,85,500,44,pwd tag 694
2152,E5,11131.1,527416,4269733,SEQSEM,0,1,0,0,0,46.3,,,pwd tag 694.1
2152,E5,11132,527418,4269736,SEQSEM,0,1,0,0,0,28.8,320,14,pwd tag 697
2152,E5,11133,527410,4269746,SEQSEM,1,1,1,0,3,140,400,42,pwd tag 698
2152,E5,11134,527406,4269732,SEQSEM,1,1,1,0,3,104.8,250,37,pwd tag 687
2152,E5,11134.1,527406,4269732,SEQSEM,0,1,0,0,0,25.9,,,pwd tag 686
2152,E5,11135,527412,4269730,SEQSEM,1,1,1,0,3,95,250,18,pwd tag 688
2152,E5,11136,527408,4269726,SEQSEM,1,1,1,0,3,82.4,200,23,pwd tag 695
2152,E5,11136.1,527408,4269726,SEQSEM,0,1,0,0,0,16,,,pwd tag 695.1
2152,E5,99236,527425,4269713,PSEMEN,0,0,0,0,0,78.8,,,
2152,E5,11137,527423,4269698,QUEKEL,1,0,0,0,0,26.6,240,2,
2152,E5,11137.1,527423,4269698,QUEKEL,0,0,0,0,0,NA,,,ON GROUND NO DBH
2152,E5,11138,527417,4269710,ARBMEN,0,1,0,0,0,31.3,240,6,
2152,E5,99237,527413,4269707,PSEMEN,0,0,0,0,0,67.4,,,
2152,E5,99238,527410,4269704,PSEMEN,0,0,0,0,0,71.7,,,
2152,E5,99239,527413,4269707,PSEMEN,0,0,0,0,0,24.8,,,
2152,E5,11139,527409,4269702,QUEKEL,0,1,0,0,0,22.3,400,2,
2152,E5,11139.1,527409,4269702,QUEKEL,0,1,0,0,0,20.8,,,
2152,,99240,527410,4269701,PSEMEN,0,0,0,0,0,46.6,,,
2152,,99241,527405,4269703,PSEMEN,0,0,0,0,0,32.6,,,
2152,,99242,527406,4269705,PSEMEN,0,0,0,0,0,55.7,,,
2152,,99243,527403,4269706,QUEKEL,0,0,0,0,0,22.7,,,
2152,,11140,527395,4269716,QUEKEL,0,1,0,0,0,29,195.9,5,
2152,,99244,527398,4269697,PSEMEN,0,0,0,0,0,65,,,
2152,,99245,527400,4269688,PSEMEN,0,0,0,0,0,46.5,,,
2152,,99246,527395,4269692,PSEMEN,0,0,0,0,0,76.5,,,
2152,,99247,527385,4269699,QUEKEL,0,0,0,0,0,32.6,,,"MAYBE DUP, BOTTOM OF C3"
2152,,11141,527381,4269719,UMBCAL,0,1,0,0,0,25.2,650,33,
2152,,11141.1,527381,4269719,UMBCAL,0,1,0,0,0,12.7,,,
2152,,11141.2,527381,4269719,UMBCAL,0,1,0,0,0,11.1,,,
2152,,11141.3,527381,4269719,UMBCAL,0,1,0,0,0,17.8,,,
2152,,11141.4,527381,4269719,UMBCAL,0,1,0,0,0,13.2,,,
2152,,11141.5,527381,4269719,UMBCAL,0,1,0,0,0,8,,,
2152,,11141.6,527381,4269719,UMBCAL,0,1,0,0,0,6.8,,,
2152,,11141.7,527381,4269719,UMBCAL,0,1,0,0,0,15.2,,,
2152,,11141.8,527381,4269719,UMBCAL,0,1,0,0,0,11.9,,,
2152,,11141.9,527381,4269719,UMBCAL,0,1,0,0,0,13,,,
2152,,11141.11,527381,4269719,UMBCAL,0,1,0,0,0,15,,,
2152,,99248,527380,4269731,PSEMEN,0,0,0,0,0,26.5,,,
2152,,99249,527379,4269721,PSEMEN,0,0,0,0,0,22.9,,,
2152,,99250,527374,4269719,PSEMEN,0,0,0,0,0,37.5,,,
2152,,11142,527374,4269719,ARBMEN,0,1,0,0,0,19.1,350,7,
2152,,99251,527375,4269721,PSEMEN,0,0,0,0,0,29.4,,,
2152,,11143,527376,4269742,ARBMEN,0,1,0,0,0,32.2,350,7,
2152,,99252,527373,4269736,PSEMEN,0,0,0,0,0,30.4,,,
2152,,99253,527388,4269725,PSEMEN,0,0,0,0,0,27.2,,,
2152,,99254,527389,4269726,PSEMEN,0,0,0,0,0,27.6,,,
2152,,11144,527391,4269726,ARBMEN,0,1,0,0,0,27.6,350,10,
2152,,11144.1,527391,4269726,ARBMEN,0,1,0,0,0,20,,,
2152,,11144.2,527391,4269726,ARBMEN,0,1,0,0,0,19.4,,,
2152,,99255,527404,4269724,PSEMEN,0,0,0,0,0,31.2,,,
2152,,11145,527400,4269724,ARBMEN,0,1,0,0,0,37,320,8,
2152,,11145.1,527400,4269724,ARBMEN,0,1,0,0,0,17.7,,,
2152,,11146,527400,4269724,QUEAGRI,0,1,0,0,0,29.6,105.6,4,
2152,,11147,527408,4269726,ARBMEN,0,1,0,0,0,23,400,12,
2152,,11148,527416,4269719,ARBMEN,0,1,0,0,0,30,300,9,
2152,,11149,527389,4269730,ARBMEN,0,1,0,0,0,27.4,375,11,
2152,,11149.1,527389,4269730,ARBMEN,0,1,0,0,0,20.9,,,
2152,,11149.2,527389,4269730,ARBMEN,0,1,0,0,0,12,,,
2152,,99256,527389,4269730,PSEMEN,0,0,0,0,0,24.7,,,
2152,,11158,527389,4268725,QUEKEL,0,1,0,0,0,23.7,243,5,
2152,,11158.1,527389,4268725,QUEKEL,0,1,0,0,0,10.7,,,
2152,,11158.2,527389,4268725,QUEKEL,0,1,0,0,0,18.6,,,
2152,,99257,527363,4269736,PSEMEN,0,0,0,0,0,33.1,,,
2152,,99258,527363,4269736,PSEMEN,0,0,0,0,0,29.6,,,
2152,,99259,527366,4269727,PSEMEN,0,0,0,0,0,30.4,,,
2152,,99260,527366,4269727,PSEMEN,0,0,0,0,0,23.4,,,
2152,,99261,527366,4269727,PSEMEN,0,0,0,0,0,22.1,,,
2152,,99262,527360,4269730,PSEMEN,0,0,0,0,0,22.9,,,
2152,,11150,527345,4269703,QUEAGRI,1,1,1,0,1,21.3,137.5,4,
2152,,11150.1,527345,4269703,QUEAGRI,1,1,1,0,2,16.5,,,
2152,,11150.2,527345,4269703,QUEAGRI,0,1,0,0,0,15.2,,,
2152,,11150.3,527345,4269703,QUEAGRI,0,1,0,0,0,10,,,
2152,,99263,527392,4269692,PSEMEN,0,0,0,0,0,75.8,,,
2152,,11151,527404,4269685,ARBMEN,0,1,0,0,0,20,350,17,
2152,,11151.1,527404,4269685,ARBMEN,0,1,0,0,0,11.6,,,
2152,,11151.2,527404,4269685,ARBMEN,0,1,0,0,0,12.6,,,
2152,,11151.3,527404,4269685,ARBMEN,0,1,0,0,0,14.3,,,
2152,,11151.4,527404,4269685,ARBMEN,0,1,0,0,0,22.2,,,
2152,,11152,527412,4269673,QUEAGRI,1,0,1,0,2,26,,,
2152,,11152.1,527412,4269673,QUEAGRI,1,0,1,0,3,25.4,,,
2152,,11153,527412,4269673,QUEAGRI,1,0,1,0,3,25.4,,,
2152,,11154,527410,4269687,QUEKEL,0,1,0,0,0,22.9,300,7,
2152,,11154.1,527410,4269687,QUEKEL,0,1,0,0,0,22,,,
2152,,11154.2,527410,4269687,QUEKEL,0,0,0,0,0,19,,,SNAG
2152,,99264,527411,4269687,PSEMEN,0,0,0,0,0,49.6,,,
2152,,11155,527418,4269694,QUEKEL,0,1,0,0,0,29.4,300,4,
2152,,11155.1,527418,4269694,QUEKEL,0,1,0,0,0,24.7,,,
2152,,11155.2,527418,4269694,QUEKEL,0,1,0,0,0,27.4,,,
2152,,11156,527407,4269672,QUEKEL,0,1,0,0,0,23.3,180.6,6,
2152,,11157,527405,4269679,QUEAGRI,1,1,1,0,2,25.1,83.2,1,
2152,,11157.1,527405,4269679,QUEAGRI,1,0,1,0,2,22.3,,,
2152,,11157.2,527405,4269679,QUEAGRI,1,0,1,0,2,19.2,,,
